Name,Cannot Give To,Email
Caitlin,Ben,caitlin@gmail.com
Ben,Caitlin,ben@gmail.com
Adam,William,adam@gmail.com
William,Adam,william@gmail.com
Hayley,,hayley@gmail.com
Rita,Rick,rita@gmail.com
Rick,Rita,rick@gmail.com
Rosemary,,rosemary@gmail.com